<?xml version="1.0" encoding="UTF-8"?>
<project-private xmlns="http://www.netbeans.org/ns/project-private/1">
    <editor-bookmarks xmlns="http://www.netbeans.org/ns/editor-bookmarks/2" lastBookmarkId="0"/>
    <open-files xmlns="http://www.netbeans.org/ns/projectui-open-files/2">
        <group>
            <file>file:/C:/Users/johnc/Documents/EDA%20II%20Prcs/Proyecto1_0/src/proyecto1_0/Proyecto1_0.java</file>
            <file>file:/C:/Users/johnc/Documents/EDA%20II%20Prcs/Proyecto1_0/src/proyecto1_0/distribucion.java</file>
            <file>file:/C:/Users/johnc/Documents/EDA%20II%20Prcs/Proyecto1_0/src/proyecto1_0/mezclaEquilibrada.java</file>
            <file>file:/C:/Users/johnc/Documents/EDA%20II%20Prcs/Proyecto1_0/src/proyecto1_0/Polifase.java</file>
        </group>
    </open-files>
</project-private>
