<?xml version="1.0" encoding="UTF-8"?>
<project-private xmlns="http://www.netbeans.org/ns/project-private/1">
    <editor-bookmarks xmlns="http://www.netbeans.org/ns/editor-bookmarks/2" lastBookmarkId="0"/>
    <open-files xmlns="http://www.netbeans.org/ns/projectui-open-files/2">
        <group>
            <file>file:/C:/Users/Edgar/OneDrive/Clases/EDA2/20191/Lab/Practica2/Practica2/src/SelectionSort.java</file>
            <file>file:/C:/Users/Edgar/OneDrive/Clases/EDA2/20191/Lab/Practica2/Practica2/src/InsertionSort.java</file>
            <file>file:/C:/Users/Edgar/OneDrive/Clases/EDA2/20191/Lab/Practica2/Practica2/src/Principal.java</file>
        </group>
    </open-files>
</project-private>
